id,question,choice_a,choice_b,choice_c,choice_d,answer,category,explanation
1,世界中で宗教人口が最も多い宗教はどれか,キリスト教,イスラーム,ヒンドゥー教,仏教,A,世界宗教統計,A：キリスト教（正解。この設問の条件に合致する。） / B：イスラーム（誤り。別の宗教・概念・数値・特徴を指す。） / C：ヒンドゥー教（誤り。別の宗教・概念・数値・特徴を指す。） / D：仏教（誤り。別の宗教・概念・数値・特徴を指す。）
2,世界中のキリスト教徒の人口として正しいものはどれか,約10.3億人,約15.9億人,約21.6億人,約4.9億人,C,世界宗教統計,A：約10.3億人（誤り。別の宗教・概念・数値・特徴を指す。） / B：約15.9億人（誤り。別の宗教・概念・数値・特徴を指す。） / C：約21.6億人（正解。この設問の条件に合致する。） / D：約4.9億人（誤り。別の宗教・概念・数値・特徴を指す。）
3,キリスト教徒が世界総人口に占める割合として正しいものはどれか,約15％,約22％,約31％,約45％,C,世界宗教統計,A：約15％（誤り。別の宗教・概念・数値・特徴を指す。） / B：約22％（誤り。別の宗教・概念・数値・特徴を指す。） / C：約31％（正解。この設問の条件に合致する。） / D：約45％（誤り。別の宗教・概念・数値・特徴を指す。）
4,世界中で宗教人口が2番目に多い宗教はどれか,キリスト教,イスラーム,ヒンドゥー教,仏教,B,世界宗教統計,A：キリスト教（誤り。別の宗教・概念・数値・特徴を指す。） / B：イスラーム（正解。この設問の条件に合致する。） / C：ヒンドゥー教（誤り。別の宗教・概念・数値・特徴を指す。） / D：仏教（誤り。別の宗教・概念・数値・特徴を指す。）
5,世界中のイスラーム教徒（ムスリム）の人口として正しいものはどれか,約4.9億人,約10.3億人,約15.9億人,約21.6億人,C,世界宗教統計,A：約4.9億人（誤り。別の宗教・概念・数値・特徴を指す。） / B：約10.3億人（誤り。別の宗教・概念・数値・特徴を指す。） / C：約15.9億人（正解。この設問の条件に合致する。） / D：約21.6億人（誤り。別の宗教・概念・数値・特徴を指す。）
6,世界中のヒンドゥー教徒の人口として正しいものはどれか,約4.9億人,約10.3億人,約15.9億人,約21.6億人,B,世界宗教統計,A：約4.9億人（誤り。別の宗教・概念・数値・特徴を指す。） / B：約10.3億人（正解。この設問の条件に合致する。） / C：約15.9億人（誤り。別の宗教・概念・数値・特徴を指す。） / D：約21.6億人（誤り。別の宗教・概念・数値・特徴を指す。）
7,世界中の仏教徒の人口として正しいものはどれか,約4.9億人,約10.3億人,約15.9億人,約21.6億人,A,世界宗教統計,A：約4.9億人（正解。この設問の条件に合致する。） / B：約10.3億人（誤り。別の宗教・概念・数値・特徴を指す。） / C：約15.9億人（誤り。別の宗教・概念・数値・特徴を指す。） / D：約21.6億人（誤り。別の宗教・概念・数値・特徴を指す。）
8,日本における宗教法人数や信者数を掲載した資料は何か,宗教年表,宗教年鑑,日本宗教史,宗教白書,B,日本宗教統計,A：宗教年表（誤り。別の宗教・概念・数値・特徴を指す。） / B：宗教年鑑（正解。この設問の条件に合致する。） / C：日本宗教史（誤り。別の宗教・概念・数値・特徴を指す。） / D：宗教白書（誤り。別の宗教・概念・数値・特徴を指す。）
9,日本の宗教年鑑における宗教団体の分類として存在しないものはどれか,ユダヤ系,キリスト系,神道系,仏教系,A,日本宗教統計,A：ユダヤ系（正解。この設問の条件に合致する。） / B：キリスト系（誤り。別の宗教・概念・数値・特徴を指す。） / C：神道系（誤り。別の宗教・概念・数値・特徴を指す。） / D：仏教系（誤り。別の宗教・概念・数値・特徴を指す。）
10,日本において信者数が最も多い宗教系統の組み合わせとして正しいものはどれか,神道系と仏教系,キリスト系と諸教系,仏教系とキリスト系,神道系と諸教系,A,日本宗教統計,A：神道系と仏教系（正解。この設問の条件に合致する。） / B：キリスト系と諸教系（誤り。別の宗教・概念・数値・特徴を指す。） / C：仏教系とキリスト系（誤り。別の宗教・概念・数値・特徴を指す。） / D：神道系と諸教系（誤り。別の宗教・概念・数値・特徴を指す。）
11,ユダヤ教について正しいものはどれか,イエスを神の子として信仰する,開祖はムハンマドである,民族宗教としての性格が強い,三位一体の神を信仰する,C,ユダヤ教,A：イエスを神の子として信仰する（誤り。別の宗教・概念・数値・特徴を指す。） / B：開祖はムハンマドである（誤り。別の宗教・概念・数値・特徴を指す。） / C：民族宗教としての性格が強い（正解。この設問の条件に合致する。） / D：三位一体の神を信仰する（誤り。別の宗教・概念・数値・特徴を指す。）
12,ユダヤ教の聖典として最も適切なものはどれか,クルアーン,ヴェーダ,旧約聖書（ヘブライ語）,新約聖書,C,ユダヤ教,A：クルアーン（誤り。別の宗教・概念・数値・特徴を指す。） / B：ヴェーダ（誤り。別の宗教・概念・数値・特徴を指す。） / C：旧約聖書（ヘブライ語）（正解。この設問の条件に合致する。） / D：新約聖書（誤り。別の宗教・概念・数値・特徴を指す。）
13,ユダヤ教の聖典の呼称として不適切なものはどれか,トーラー,ヘブライ聖書,旧約聖書,新約聖書,D,ユダヤ教,A：トーラー（誤り。別の宗教・概念・数値・特徴を指す。） / B：ヘブライ聖書（誤り。別の宗教・概念・数値・特徴を指す。） / C：旧約聖書（誤り。別の宗教・概念・数値・特徴を指す。） / D：新約聖書（正解。この設問の条件に合致する。）
14,ユダヤ教における安息日を指すヘブライ語として正しいものはどれか,ラマダーン,シャバット,ペンテコステ,サバ,B,ユダヤ教,A：ラマダーン（誤り。別の宗教・概念・数値・特徴を指す。） / B：シャバット（正解。この設問の条件に合致する。） / C：ペンテコステ（誤り。別の宗教・概念・数値・特徴を指す。） / D：サバ（誤り。別の宗教・概念・数値・特徴を指す。）
15,キリスト教におけるイコンの説明として不適切なものはどれか,正教会で特に重視される宗教的図像である,信仰の対象そのものとして神と同一視される,礼拝や信仰の補助として用いられる,主にイエスや聖人が描かれる,B,キリスト教,A：正教会で特に重視される宗教的図像である（誤り。別の宗教・概念・数値・特徴を指す。） / B：信仰の対象そのものとして神と同一視される（正解。この設問の条件に合致する。） / C：礼拝や信仰の補助として用いられる（誤り。別の宗教・概念・数値・特徴を指す。） / D：主にイエスや聖人が描かれる（誤り。別の宗教・概念・数値・特徴を指す。）
16,キリスト教における「三位一体」の説明として正しいものはどれか,神・人間・自然の三要素,父・子・聖霊が同一の神である,三人の異なる神が存在する,神と預言者と天使の関係,B,キリスト教,A：神・人間・自然の三要素（誤り。別の宗教・概念・数値・特徴を指す。） / B：父・子・聖霊が同一の神である（正解。この設問の条件に合致する。） / C：三人の異なる神が存在する（誤り。別の宗教・概念・数値・特徴を指す。） / D：神と預言者と天使の関係（誤り。別の宗教・概念・数値・特徴を指す。）
17,カトリック教会の特徴として正しいものはどれか,教皇を認めない,イコン崇拝を重視する,ローマ教皇を最高権威とする,聖書のみを信仰の基準とする,C,キリスト教,A：教皇を認めない（誤り。別の宗教・概念・数値・特徴を指す。） / B：イコン崇拝を重視する（誤り。別の宗教・概念・数値・特徴を指す。） / C：ローマ教皇を最高権威とする（正解。この設問の条件に合致する。） / D：聖書のみを信仰の基準とする（誤り。別の宗教・概念・数値・特徴を指す。）
18,正教会に関する説明として正しいものはどれか,プロテスタントの一派である,ロシアを中心に広がっている,教皇を頂点とする組織をもつ,新約聖書を用いない,B,キリスト教,A：プロテスタントの一派である（誤り。別の宗教・概念・数値・特徴を指す。） / B：ロシアを中心に広がっている（正解。この設問の条件に合致する。） / C：教皇を頂点とする組織をもつ（誤り。別の宗教・概念・数値・特徴を指す。） / D：新約聖書を用いない（誤り。別の宗教・概念・数値・特徴を指す。）
19,プロテスタントに共通する特徴として最も適切なものはどれか,教皇の権威を認める,儀礼と聖職者を重視する,聖書を信仰の唯一の基準とする,イコンを用いた礼拝を行う,C,キリスト教,A：教皇の権威を認める（誤り。別の宗教・概念・数値・特徴を指す。） / B：儀礼と聖職者を重視する（誤り。別の宗教・概念・数値・特徴を指す。） / C：聖書を信仰の唯一の基準とする（正解。この設問の条件に合致する。） / D：イコンを用いた礼拝を行う（誤り。別の宗教・概念・数値・特徴を指す。）
20,旧約聖書・新約聖書における「約（やく）」の意味として最も適切なものはどれか,神と人間との間の契約,神が人間に与えた戒律の総称,神話的な象徴表現,未来の終末に関する予言,A,キリスト教,A：神と人間との間の契約（正解。この設問の条件に合致する。） / B：神が人間に与えた戒律の総称（誤り。別の宗教・概念・数値・特徴を指す。） / C：神話的な象徴表現（誤り。別の宗教・概念・数値・特徴を指す。） / D：未来の終末に関する予言（誤り。別の宗教・概念・数値・特徴を指す。）
21,福音書の説明としてふさわしくないものはどれか,イエスの生と教えを記した文書である,新約聖書に含まれる,モーセの律法を中心に構成されている,マタイ・マルコ・ルカ・ヨハネの四書がある,C,キリスト教,A：イエスの生と教えを記した文書である（誤り。別の宗教・概念・数値・特徴を指す。） / B：新約聖書に含まれる（誤り。別の宗教・概念・数値・特徴を指す。） / C：モーセの律法を中心に構成されている（正解。この設問の条件に合致する。） / D：マタイ・マルコ・ルカ・ヨハネの四書がある（誤り。別の宗教・概念・数値・特徴を指す。）
22,ペンテコステの説明として最も適切なものはどれか,イエスが誕生した日,聖霊が弟子たちに降臨した出来事,最後の晩餐を記念する祭日,イエスが処刑された日,B,キリスト教,A：イエスが誕生した日（誤り。別の宗教・概念・数値・特徴を指す。） / B：聖霊が弟子たちに降臨した出来事（正解。この設問の条件に合致する。） / C：最後の晩餐を記念する祭日（誤り。別の宗教・概念・数値・特徴を指す。） / D：イエスが処刑された日（誤り。別の宗教・概念・数値・特徴を指す。）
23,イスラーム教の開祖として正しいものはどれか,モーセ,イエス,ムハンマド,ゴータマ・シッダールタ,C,イスラーム,A：モーセ（誤り。別の宗教・概念・数値・特徴を指す。） / B：イエス（誤り。別の宗教・概念・数値・特徴を指す。） / C：ムハンマド（正解。この設問の条件に合致する。） / D：ゴータマ・シッダールタ（誤り。別の宗教・概念・数値・特徴を指す。）
24,イスラームの聖典として正しいものはどれか,トーラー,クルアーン,アヴェスター,新約聖書,B,イスラーム,A：トーラー（誤り。別の宗教・概念・数値・特徴を指す。） / B：クルアーン（正解。この設問の条件に合致する。） / C：アヴェスター（誤り。別の宗教・概念・数値・特徴を指す。） / D：新約聖書（誤り。別の宗教・概念・数値・特徴を指す。）
25,現在、世界最大のムスリム人口を持つ国として正しいものはどれか,サウジアラビア,イラン,インドネシア,エジプト,C,イスラーム,A：サウジアラビア（誤り。別の宗教・概念・数値・特徴を指す。） / B：イラン（誤り。別の宗教・概念・数値・特徴を指す。） / C：インドネシア（正解。この設問の条件に合致する。） / D：エジプト（誤り。別の宗教・概念・数値・特徴を指す。）
26,イスラーム教の五行に含まれないものはどれか,信仰告白,喜捨,巡礼,洗礼,D,イスラーム,A：信仰告白（誤り。別の宗教・概念・数値・特徴を指す。） / B：喜捨（誤り。別の宗教・概念・数値・特徴を指す。） / C：巡礼（誤り。別の宗教・概念・数値・特徴を指す。） / D：洗礼（正解。この設問の条件に合致する。）
27,イスラーム教の六信に含まれないものはどれか,神への信仰,天使への信仰,来世への信仰,輪廻転生への信仰,D,イスラーム,A：神への信仰（誤り。別の宗教・概念・数値・特徴を指す。） / B：天使への信仰（誤り。別の宗教・概念・数値・特徴を指す。） / C：来世への信仰（誤り。別の宗教・概念・数値・特徴を指す。） / D：輪廻転生への信仰（正解。この設問の条件に合致する。）
28,スンニ派とシーア派の違いとして最も適切なものはどれか,神の数の違い,聖典の違い,ムハンマド後継者の考え方,五行の内容の違い,C,イスラーム,A：神の数の違い（誤り。別の宗教・概念・数値・特徴を指す。） / B：聖典の違い（誤り。別の宗教・概念・数値・特徴を指す。） / C：ムハンマド後継者の考え方（正解。この設問の条件に合致する。） / D：五行の内容の違い（誤り。別の宗教・概念・数値・特徴を指す。）
29,ヒンドゥー教について正しいものはどれか,開祖が明確に存在する,唯一神信仰である,ヴェーダを聖典とする,輪廻転生を否定する,C,ヒンドゥー教,A：開祖が明確に存在する（誤り。別の宗教・概念・数値・特徴を指す。） / B：唯一神信仰である（誤り。別の宗教・概念・数値・特徴を指す。） / C：ヴェーダを聖典とする（正解。この設問の条件に合致する。） / D：輪廻転生を否定する（誤り。別の宗教・概念・数値・特徴を指す。）
30,ヒンドゥー教における三大神の組み合わせとして正しいものはどれか,ブラフマー・ヴィシュヌ・シヴァ,ヤハウェ・アッラー・ブラフマン,イエス・ムハンマド・モーセ,天照大神・須佐之男・月読命,A,ヒンドゥー教,A：ブラフマー・ヴィシュヌ・シヴァ（正解。この設問の条件に合致する。） / B：ヤハウェ・アッラー・ブラフマン（誤り。別の宗教・概念・数値・特徴を指す。） / C：イエス・ムハンマド・モーセ（誤り。別の宗教・概念・数値・特徴を指す。） / D：天照大神・須佐之男・月読命（誤り。別の宗教・概念・数値・特徴を指す。）
31,ヒンドゥー教の前身となった宗教は何か,ジャイナ教,シク教,バラモン教,ゾロアスター教,C,ヒンドゥー教,A：ジャイナ教（誤り。別の宗教・概念・数値・特徴を指す。） / B：シク教（誤り。別の宗教・概念・数値・特徴を指す。） / C：バラモン教（正解。この設問の条件に合致する。） / D：ゾロアスター教（誤り。別の宗教・概念・数値・特徴を指す。）
32,ヴァルナ制における「バラモン」の役割として正しいものはどれか,王族と武士,祭司,庶民,隷属民,B,ヒンドゥー教,A：王族と武士（誤り。別の宗教・概念・数値・特徴を指す。） / B：祭司（正解。この設問の条件に合致する。） / C：庶民（誤り。別の宗教・概念・数値・特徴を指す。） / D：隷属民（誤り。別の宗教・概念・数値・特徴を指す。）
33,ヒンドゥー教の「トリムールティ（三神一体）」に含まれない神はどれか,ブラフマー,ヴィシュヌ,シヴァ,ガネーシャ,D,ヒンドゥー教,A：ブラフマー（誤り。別の宗教・概念・数値・特徴を指す。） / B：ヴィシュヌ（誤り。別の宗教・概念・数値・特徴を指す。） / C：シヴァ（誤り。別の宗教・概念・数値・特徴を指す。） / D：ガネーシャ（正解。この設問の条件に合致する。）
34,インドで最も信者数が多い宗教と成人人口に占める割合の組み合わせとして正しいものはどれか,イスラム教 - 約80%,ヒンドゥー教 - 約80%,仏教 - 約60%,シク教 - 約50%,B,ヒンドゥー教,A：イスラム教 - 約80%（誤り。別の宗教・概念・数値・特徴を指す。） / B：ヒンドゥー教 - 約80%（正解。この設問の条件に合致する。） / C：仏教 - 約60%（誤り。別の宗教・概念・数値・特徴を指す。） / D：シク教 - 約50%（誤り。別の宗教・概念・数値・特徴を指す。）
35,『ラーマーヤナ』の主人公であるラーマ王子はどの神の化身とされているか,ブラフマー,シヴァ,ヴィシュヌ,ガネーシャ,C,ヒンドゥー教,A：ブラフマー（誤り。別の宗教・概念・数値・特徴を指す。） / B：シヴァ（誤り。別の宗教・概念・数値・特徴を指す。） / C：ヴィシュヌ（正解。この設問の条件に合致する。） / D：ガネーシャ（誤り。別の宗教・概念・数値・特徴を指す。）
36,「梵我一如」の概念において「梵（ブラフマン）」と「我（アートマン）」はそれぞれ何を指すか,梵＝個体原理、我＝宇宙原理,梵＝宇宙原理、我＝個体原理,梵＝輪廻、我＝解脱,梵＝破壊、我＝創造,B,ヒンドゥー教,A：梵＝個体原理、我＝宇宙原理（誤り。別の宗教・概念・数値・特徴を指す。） / B：梵＝宇宙原理、我＝個体原理（正解。この設問の条件に合致する。） / C：梵＝輪廻、我＝解脱（誤り。別の宗教・概念・数値・特徴を指す。） / D：梵＝破壊、我＝創造（誤り。別の宗教・概念・数値・特徴を指す。）
37,ヒンドゥー教徒が神聖視しその肉を食べない動物はどれか,豚,羊,牛,鶏,C,ヒンドゥー教,A：豚（誤り。別の宗教・概念・数値・特徴を指す。） / B：羊（誤り。別の宗教・概念・数値・特徴を指す。） / C：牛（正解。この設問の条件に合致する。） / D：鶏（誤り。別の宗教・概念・数値・特徴を指す。）
38,2006年までヒンドゥー教を国教としていた唯一の国はどこか,インド,ネパール,バングラデシュ,スリランカ,B,ヒンドゥー教,A：インド（誤り。別の宗教・概念・数値・特徴を指す。） / B：ネパール（正解。この設問の条件に合致する。） / C：バングラデシュ（誤り。別の宗教・概念・数値・特徴を指す。） / D：スリランカ（誤り。別の宗教・概念・数値・特徴を指す。）
39,バラモン教の基盤となった民族として正しいものはどれか,ドラヴィダ人,アーリア人,モンゴル人,ペルシア人,B,ヒンドゥー教,A：ドラヴィダ人（誤り。別の宗教・概念・数値・特徴を指す。） / B：アーリア人（正解。この設問の条件に合致する。） / C：モンゴル人（誤り。別の宗教・概念・数値・特徴を指す。） / D：ペルシア人（誤り。別の宗教・概念・数値・特徴を指す。）
40,シヴァ神の特徴として正しいものはどれか,四つの顔を持ち壺や聖典を持つ,手に円盤やほら貝などの武器を持つ,三つ目で頭上に月と蛇がある,象の頭を持つ,C,ヒンドゥー教,A：四つの顔を持ち壺や聖典を持つ（誤り。別の宗教・概念・数値・特徴を指す。） / B：手に円盤やほら貝などの武器を持つ（誤り。別の宗教・概念・数値・特徴を指す。） / C：三つ目で頭上に月と蛇がある（正解。この設問の条件に合致する。） / D：象の頭を持つ（誤り。別の宗教・概念・数値・特徴を指す。）
41,仏教の開祖として正しいものはどれか,マハーヴィーラ,ゴータマ・シッダールタ,アショーカ王,孔子,B,仏教,A：マハーヴィーラ（誤り。別の宗教・概念・数値・特徴を指す。） / B：ゴータマ・シッダールタ（正解。この設問の条件に合致する。） / C：アショーカ王（誤り。別の宗教・概念・数値・特徴を指す。） / D：孔子（誤り。別の宗教・概念・数値・特徴を指す。）
42,仏教の基本的な目的として最も適切なものはどれか,神への服従,現世利益の追求,苦からの解脱,国家の安定,C,仏教,A：神への服従（誤り。別の宗教・概念・数値・特徴を指す。） / B：現世利益の追求（誤り。別の宗教・概念・数値・特徴を指す。） / C：苦からの解脱（正解。この設問の条件に合致する。） / D：国家の安定（誤り。別の宗教・概念・数値・特徴を指す。）
43,上座仏教と大乗仏教の違いとして正しいものはどれか,経典の言語,神の有無,救済対象の範囲,出家制度の有無,C,仏教,A：経典の言語（誤り。別の宗教・概念・数値・特徴を指す。） / B：神の有無（誤り。別の宗教・概念・数値・特徴を指す。） / C：救済対象の範囲（正解。この設問の条件に合致する。） / D：出家制度の有無（誤り。別の宗教・概念・数値・特徴を指す。）
44,仏陀（ゴータマ・シッダールタ）の死を表す語として最も適切なものはどれか,入滅,解脱,般涅槃,成道,C,仏教,A：入滅（誤り。別の宗教・概念・数値・特徴を指す。） / B：解脱（誤り。別の宗教・概念・数値・特徴を指す。） / C：般涅槃（正解。この設問の条件に合致する。） / D：成道（誤り。別の宗教・概念・数値・特徴を指す。）
45,四諦の内容として正しい組み合わせはどれか,苦・集・滅・道,生・老・病・死,無常・苦・無我・空,正見・正思・正語・正業,A,仏教,A：苦・集・滅・道（正解。この設問の条件に合致する。） / B：生・老・病・死（誤り。別の宗教・概念・数値・特徴を指す。） / C：無常・苦・無我・空（誤り。別の宗教・概念・数値・特徴を指す。） / D：正見・正思・正語・正業（誤り。別の宗教・概念・数値・特徴を指す。）
46,三法印に含まれないものはどれか,無常,無我,苦,常楽我浄,D,仏教,A：無常（誤り。別の宗教・概念・数値・特徴を指す。） / B：無我（誤り。別の宗教・概念・数値・特徴を指す。） / C：苦（誤り。別の宗教・概念・数値・特徴を指す。） / D：常楽我浄（正解。この設問の条件に合致する。）
47,仏教における三種類の仏典の正しい組み合わせはどれか,経・律・論,聖書・律法・福音,詩・預言・歴史,教義・戒律・神話,A,仏教,A：経・律・論（正解。この設問の条件に合致する。） / B：聖書・律法・福音（誤り。別の宗教・概念・数値・特徴を指す。） / C：詩・預言・歴史（誤り。別の宗教・概念・数値・特徴を指す。） / D：教義・戒律・神話（誤り。別の宗教・概念・数値・特徴を指す。）
48,仏教の開祖ゴータマ・シッダールタが生きていたのは何世紀頃か,紀元前1〜2世紀,紀元前5〜6世紀,紀元後1〜2世紀,紀元後5〜6世紀,B,仏教,A：紀元前1〜2世紀（誤り。別の宗教・概念・数値・特徴を指す。） / B：紀元前5〜6世紀（正解。この設問の条件に合致する。） / C：紀元後1〜2世紀（誤り。別の宗教・概念・数値・特徴を指す。） / D：紀元後5〜6世紀（誤り。別の宗教・概念・数値・特徴を指す。）
49,「仏陀（ブッダ）」というサンスクリット語の意味として正しいものはどれか,救済者・導く者,目覚めた者・悟った者,創造者・支配する者,修行者・苦行する者,B,仏教,A：救済者・導く者（誤り。別の宗教・概念・数値・特徴を指す。） / B：目覚めた者・悟った者（正解。この設問の条件に合致する。） / C：創造者・支配する者（誤り。別の宗教・概念・数値・特徴を指す。） / D：修行者・苦行する者（誤り。別の宗教・概念・数値・特徴を指す。）
50,ブッダが出家を決意するきっかけとなった経験を表す四字熟語はどれか,四苦八苦,因果応報,四門出遊,諸行無常,C,仏教,A：四苦八苦（誤り。別の宗教・概念・数値・特徴を指す。） / B：因果応報（誤り。別の宗教・概念・数値・特徴を指す。） / C：四門出遊（正解。この設問の条件に合致する。） / D：諸行無常（誤り。別の宗教・概念・数値・特徴を指す。）
51,ブッダが悟りを開いた場所とその時に座っていた木の組み合わせとして正しいものはどれか,サールナート・沙羅双樹,ブッダガヤー・菩提樹,ルンビニー・菩提樹,クシナガラ・沙羅双樹,B,仏教,A：サールナート・沙羅双樹（誤り。別の宗教・概念・数値・特徴を指す。） / B：ブッダガヤー・菩提樹（正解。この設問の条件に合致する。） / C：ルンビニー・菩提樹（誤り。別の宗教・概念・数値・特徴を指す。） / D：クシナガラ・沙羅双樹（誤り。別の宗教・概念・数値・特徴を指す。）
52,「四諦」のうち苦しみの根源は煩悩と欲望であるという真理を何というか,苦諦,集諦,滅諦,道諦,B,仏教,A：苦諦（誤り。別の宗教・概念・数値・特徴を指す。） / B：集諦（正解。この設問の条件に合致する。） / C：滅諦（誤り。別の宗教・概念・数値・特徴を指す。） / D：道諦（誤り。別の宗教・概念・数値・特徴を指す。）
53,仏典の総称である「三蔵」に含まれないものはどれか,律（ヴィナヤ）,経（スートラ）,論（アビダルマ）,讃（ストートラ）,D,仏教,A：律（ヴィナヤ）（誤り。別の宗教・概念・数値・特徴を指す。） / B：経（スートラ）（誤り。別の宗教・概念・数値・特徴を指す。） / C：論（アビダルマ）（誤り。別の宗教・概念・数値・特徴を指す。） / D：讃（ストートラ）（正解。この設問の条件に合致する。）
54,上座部仏教の特徴として正しいものはどれか,漢訳仏典を使用し東アジアに広がった,パーリ語の聖典を使用し東南アジアに広がった,チベット語聖典を使用しモンゴルに広がった,サンスクリット語聖典を使用し中央アジアに広がった,B,仏教,A：漢訳仏典を使用し東アジアに広がった（誤り。別の宗教・概念・数値・特徴を指す。） / B：パーリ語の聖典を使用し東南アジアに広がった（正解。この設問の条件に合致する。） / C：チベット語聖典を使用しモンゴルに広がった（誤り。別の宗教・概念・数値・特徴を指す。） / D：サンスクリット語聖典を使用し中央アジアに広がった（誤り。別の宗教・概念・数値・特徴を指す。）
55,大乗仏教の特徴として正しいものはどれか,修行者のみが悟りを得られる,寺院での崇拝対象は釈迦のみである,出家者・在家者を問わずすべての人が悟りを得られる,自分の悟りのみを目指す修行を重視する,C,仏教,A：修行者のみが悟りを得られる（誤り。別の宗教・概念・数値・特徴を指す。） / B：寺院での崇拝対象は釈迦のみである（誤り。別の宗教・概念・数値・特徴を指す。） / C：出家者・在家者を問わずすべての人が悟りを得られる（正解。この設問の条件に合致する。） / D：自分の悟りのみを目指す修行を重視する（誤り。別の宗教・概念・数値・特徴を指す。）
56,チベット仏教の特徴として正しいものはどれか,仏教（特に密教）と土着宗教（ボン教）の混合,パーリ語の聖典のみを使用,転生の概念を否定している,バラモン教の儀礼をそのまま継承している,A,仏教,A：仏教（特に密教）と土着宗教（ボン教）の混合（正解。この設問の条件に合致する。） / B：パーリ語の聖典のみを使用（誤り。別の宗教・概念・数値・特徴を指す。） / C：転生の概念を否定している（誤り。別の宗教・概念・数値・特徴を指す。） / D：バラモン教の儀礼をそのまま継承している（誤り。別の宗教・概念・数値・特徴を指す。）
57,ブッダが最初の説法（初転法輪）を行った場所はどこか,ルンビニー,ブッダガヤー,サールナート（鹿野苑）,クシナガラ,C,仏教,A：ルンビニー（誤り。別の宗教・概念・数値・特徴を指す。） / B：ブッダガヤー（誤り。別の宗教・概念・数値・特徴を指す。） / C：サールナート（鹿野苑）（正解。この設問の条件に合致する。） / D：クシナガラ（誤り。別の宗教・概念・数値・特徴を指す。）
58,「三法印」に含まれないものはどれか,諸行無常,諸法無我,涅槃寂静,因果応報,D,仏教,A：諸行無常（誤り。別の宗教・概念・数値・特徴を指す。） / B：諸法無我（誤り。別の宗教・概念・数値・特徴を指す。） / C：涅槃寂静（誤り。別の宗教・概念・数値・特徴を指す。） / D：因果応報（正解。この設問の条件に合致する。）
59,17世紀からチベット仏教の指導者となっている人物の称号はどれか,法王,ダライ・ラマ,大僧正,カリフ,B,仏教,A：法王（誤り。別の宗教・概念・数値・特徴を指す。） / B：ダライ・ラマ（正解。この設問の条件に合致する。） / C：大僧正（誤り。別の宗教・概念・数値・特徴を指す。） / D：カリフ（誤り。別の宗教・概念・数値・特徴を指す。）
60,ブッダが亡くなった（入滅した）場所はどこか,ルンビニー,ブッダガヤー,サールナート,クシナガラ,D,仏教,A：ルンビニー（誤り。別の宗教・概念・数値・特徴を指す。） / B：ブッダガヤー（誤り。別の宗教・概念・数値・特徴を指す。） / C：サールナート（誤り。別の宗教・概念・数値・特徴を指す。） / D：クシナガラ（正解。この設問の条件に合致する。）
61,仏教が目指す最終的な目標は何か,輪廻の継続,解脱（輪廻からの脱出）,バラモンになること,王族への転生,B,仏教,A：輪廻の継続（誤り。別の宗教・概念・数値・特徴を指す。） / B：解脱（輪廻からの脱出）（正解。この設問の条件に合致する。） / C：バラモンになること（誤り。別の宗教・概念・数値・特徴を指す。） / D：王族への転生（誤り。別の宗教・概念・数値・特徴を指す。）
62,神道について正しいものはどれか,開祖と明確な教典をもつ,唯一神信仰である,自然や祖先を神として崇拝する,輪廻転生を中心教義とする,C,神道,A：開祖と明確な教典をもつ（誤り。別の宗教・概念・数値・特徴を指す。） / B：唯一神信仰である（誤り。別の宗教・概念・数値・特徴を指す。） / C：自然や祖先を神として崇拝する（正解。この設問の条件に合致する。） / D：輪廻転生を中心教義とする（誤り。別の宗教・概念・数値・特徴を指す。）
63,神道の起源について正しい記述はどれか,孔子が開祖である,特定の開祖はなく自然発生的に成立した,仏教伝来後に新しく創設された,キリスト教の影響を受けて成立した,B,神道,A：孔子が開祖である（誤り。別の宗教・概念・数値・特徴を指す。） / B：特定の開祖はなく自然発生的に成立した（正解。この設問の条件に合致する。） / C：仏教伝来後に新しく創設された（誤り。別の宗教・概念・数値・特徴を指す。） / D：キリスト教の影響を受けて成立した（誤り。別の宗教・概念・数値・特徴を指す。）
64,神道において神（カミ）が宿る媒介物を何というか,御神体,依代,本地仏,神宮寺,B,神道,A：御神体（誤り。別の宗教・概念・数値・特徴を指す。） / B：依代（正解。この設問の条件に合致する。） / C：本地仏（誤り。別の宗教・概念・数値・特徴を指す。） / D：神宮寺（誤り。別の宗教・概念・数値・特徴を指す。）
65,神社の基本構造においてご神体が安置される場所を何というか,拝殿,本殿,神楽殿,鳥居,B,神道,A：拝殿（誤り。別の宗教・概念・数値・特徴を指す。） / B：本殿（正解。この設問の条件に合致する。） / C：神楽殿（誤り。別の宗教・概念・数値・特徴を指す。） / D：鳥居（誤り。別の宗教・概念・数値・特徴を指す。）
66,伊勢神宮で20年に1度行われる神社を建て替える行事を何というか,遷宮,神幸祭,例大祭,祈年祭,A,神道,A：遷宮（正解。この設問の条件に合致する。） / B：神幸祭（誤り。別の宗教・概念・数値・特徴を指す。） / C：例大祭（誤り。別の宗教・概念・数値・特徴を指す。） / D：祈年祭（誤り。別の宗教・概念・数値・特徴を指す。）
67,記紀神話を構成する2つの書物の組み合わせとして正しいものはどれか,『万葉集』と『風土記』,『古事記』と『日本書紀』,『源氏物語』と『枕草子』,『延喜式』と『令義解』,B,神道,A：『万葉集』と『風土記』（誤り。別の宗教・概念・数値・特徴を指す。） / B：『古事記』と『日本書紀』（正解。この設問の条件に合致する。） / C：『源氏物語』と『枕草子』（誤り。別の宗教・概念・数値・特徴を指す。） / D：『延喜式』と『令義解』（誤り。別の宗教・概念・数値・特徴を指す。）
68,廃仏毀釈が行われた時期として正しいものはどれか,奈良時代,平安時代,鎌倉時代,明治時代,D,神道,A：奈良時代（誤り。別の宗教・概念・数値・特徴を指す。） / B：平安時代（誤り。別の宗教・概念・数値・特徴を指す。） / C：鎌倉時代（誤り。別の宗教・概念・数値・特徴を指す。） / D：明治時代（正解。この設問の条件に合致する。）
69,「神」への考え方として仏教に最も近いものはどれか,人格神への絶対的信仰,創造神の存在を前提とする,神の存在を教義の中心に置かない,民族神を崇拝する,C,日本仏教の宗派,A：人格神への絶対的信仰（誤り。別の宗教・概念・数値・特徴を指す。） / B：創造神の存在を前提とする（誤り。別の宗教・概念・数値・特徴を指す。） / C：神の存在を教義の中心に置かない（正解。この設問の条件に合致する。） / D：民族神を崇拝する（誤り。別の宗教・概念・数値・特徴を指す。）
70,密教的儀礼を重視する宗派の組み合わせとして正しいものはどれか,浄土宗と浄土真宗,天台宗と真言宗,曹洞宗と臨済宗,日蓮宗と法華宗,B,日本仏教の宗派,A：浄土宗と浄土真宗（誤り。別の宗教・概念・数値・特徴を指す。） / B：天台宗と真言宗（正解。この設問の条件に合致する。） / C：曹洞宗と臨済宗（誤り。別の宗教・概念・数値・特徴を指す。） / D：日蓮宗と法華宗（誤り。別の宗教・概念・数値・特徴を指す。）
71,坐禅と公案（修行者の悟りを導く問答）を重視する禅宗の宗派の組み合わせとして正しいものはどれか,天台宗と真言宗,浄土宗と浄土真宗,曹洞宗と臨済宗,日蓮宗と時宗,C,日本仏教の宗派,A：天台宗と真言宗（誤り。別の宗教・概念・数値・特徴を指す。） / B：浄土宗と浄土真宗（誤り。別の宗教・概念・数値・特徴を指す。） / C：曹洞宗と臨済宗（正解。この設問の条件に合致する。） / D：日蓮宗と時宗（誤り。別の宗教・概念・数値・特徴を指す。）
72,「南無阿弥陀仏」と念仏を唱えて極楽往生を目指す宗派の組み合わせとして正しいものはどれか,曹洞宗と臨済宗,天台宗と真言宗,浄土宗と浄土真宗,日蓮宗と法華宗,C,日本仏教の宗派,A：曹洞宗と臨済宗（誤り。別の宗教・概念・数値・特徴を指す。） / B：天台宗と真言宗（誤り。別の宗教・概念・数値・特徴を指す。） / C：浄土宗と浄土真宗（正解。この設問の条件に合致する。） / D：日蓮宗と法華宗（誤り。別の宗教・概念・数値・特徴を指す。）
73,「南無妙法蓮華経」とお題目を唱え国家との結びつきを重視する宗派はどれか,浄土宗,真言宗,曹洞宗,日蓮宗,D,日本仏教の宗派,A：浄土宗（誤り。別の宗教・概念・数値・特徴を指す。） / B：真言宗（誤り。別の宗教・概念・数値・特徴を指す。） / C：曹洞宗（誤り。別の宗教・概念・数値・特徴を指す。） / D：日蓮宗（正解。この設問の条件に合致する。）
74,真言宗の開祖と総本山の組み合わせとして正しいものはどれか,最澄 - 比叡山延暦寺,空海 - 高野山金剛峯寺,法然 - 知恩院,親鸞 - 西本願寺,B,日本仏教の宗派,A：最澄 - 比叡山延暦寺（誤り。別の宗教・概念・数値・特徴を指す。） / B：空海 - 高野山金剛峯寺（正解。この設問の条件に合致する。） / C：法然 - 知恩院（誤り。別の宗教・概念・数値・特徴を指す。） / D：親鸞 - 西本願寺（誤り。別の宗教・概念・数値・特徴を指す。）
75,神仏習合とは何を指すか,神道を廃止し仏教を国教とすること,神と仏を同一視・融合する考え方,神道と仏教を厳密に分離する政策,神道が仏教を排除する運動,B,神仏習合・分離,A：神道を廃止し仏教を国教とすること（誤り。別の宗教・概念・数値・特徴を指す。） / B：神と仏を同一視・融合する考え方（正解。この設問の条件に合致する。） / C：神道と仏教を厳密に分離する政策（誤り。別の宗教・概念・数値・特徴を指す。） / D：神道が仏教を排除する運動（誤り。別の宗教・概念・数値・特徴を指す。）
76,6世紀に仏像や経典を日本に送った国はどこか,中国（唐）,百済,新羅,高句麗,B,神仏習合・分離,A：中国（唐）（誤り。別の宗教・概念・数値・特徴を指す。） / B：百済（正解。この設問の条件に合致する。） / C：新羅（誤り。別の宗教・概念・数値・特徴を指す。） / D：高句麗（誤り。別の宗教・概念・数値・特徴を指す。）
77,8世紀初頭神のために神社に付属して建てられた寺院を何というか,本山,末寺,神宮寺,菩提寺,C,神仏習合・分離,A：本山（誤り。別の宗教・概念・数値・特徴を指す。） / B：末寺（誤り。別の宗教・概念・数値・特徴を指す。） / C：神宮寺（正解。この設問の条件に合致する。） / D：菩提寺（誤り。別の宗教・概念・数値・特徴を指す。）
78,仏・菩薩が人々を救済するために「神」の姿として現れるという10世紀に広まった思想を何というか,神仏習合,本地垂迹,廃仏毀釈,神仏分離,B,神仏習合・分離,A：神仏習合（誤り。別の宗教・概念・数値・特徴を指す。） / B：本地垂迹（正解。この設問の条件に合致する。） / C：廃仏毀釈（誤り。別の宗教・概念・数値・特徴を指す。） / D：神仏分離（誤り。別の宗教・概念・数値・特徴を指す。）
79,江戸時代中期に盛んになり神仏習合していない神道本来の姿を追求した学問は何か,蘭学,儒学,国学,洋学,C,神仏習合・分離,A：蘭学（誤り。別の宗教・概念・数値・特徴を指す。） / B：儒学（誤り。別の宗教・概念・数値・特徴を指す。） / C：国学（正解。この設問の条件に合致する。） / D：洋学（誤り。別の宗教・概念・数値・特徴を指す。）
80,1868年に明治政府が発した仏教色を排除し神仏分離を進める政策は何か,禁教令,神仏判然令,伴天連追放令,宗門改制度,B,神仏習合・分離,A：禁教令（誤り。別の宗教・概念・数値・特徴を指す。） / B：神仏判然令（正解。この設問の条件に合致する。） / C：伴天連追放令（誤り。別の宗教・概念・数値・特徴を指す。） / D：宗門改制度（誤り。別の宗教・概念・数値・特徴を指す。）
81,神仏分離令の結果政府の意図に反して起こった仏教排斥運動を何というか,廃仏毀釈,島原の乱,本地垂迹,神仏習合,A,神仏習合・分離,A：廃仏毀釈（正解。この設問の条件に合致する。） / B：島原の乱（誤り。別の宗教・概念・数値・特徴を指す。） / C：本地垂迹（誤り。別の宗教・概念・数値・特徴を指す。） / D：神仏習合（誤り。別の宗教・概念・数値・特徴を指す。）
82,1549年に日本に上陸し薩摩で伝道を行ったイエズス会の宣教師は誰か,ルイス・フロイス,フランシスコ・ザビエル,ヴァリニャーノ,オルガンティーノ,B,キリスト教伝来,A：ルイス・フロイス（誤り。別の宗教・概念・数値・特徴を指す。） / B：フランシスコ・ザビエル（正解。この設問の条件に合致する。） / C：ヴァリニャーノ（誤り。別の宗教・概念・数値・特徴を指す。） / D：オルガンティーノ（誤り。別の宗教・概念・数値・特徴を指す。）
83,1587年にキリスト教宣教師の国外追放を命じた法令を発したのは誰か,織田信長,豊臣秀吉,徳川家康,徳川家光,B,キリスト教伝来,A：織田信長（誤り。別の宗教・概念・数値・特徴を指す。） / B：豊臣秀吉（正解。この設問の条件に合致する。） / C：徳川家康（誤り。別の宗教・概念・数値・特徴を指す。） / D：徳川家光（誤り。別の宗教・概念・数値・特徴を指す。）
84,1629年から長崎でキリスト教信者を摘発するために用いられた方法は何か,宗門改,踏み絵,檀家制度,本末制度,B,キリスト教伝来,A：宗門改（誤り。別の宗教・概念・数値・特徴を指す。） / B：踏み絵（正解。この設問の条件に合致する。） / C：檀家制度（誤り。別の宗教・概念・数値・特徴を指す。） / D：本末制度（誤り。別の宗教・概念・数値・特徴を指す。）
85,檀家制度の説明として最も適切なものはどれか,神社と地域住民の関係を制度化したものである,仏教寺院と信徒（家）との間の帰属関係を定めた制度である,国家が僧侶を直接管理するための制度である,宗派間の対立を調停するために設けられた制度である,B,檀家制度,A：神社と地域住民の関係を制度化したものである（誤り。別の宗教・概念・数値・特徴を指す。） / B：仏教寺院と信徒（家）との間の帰属関係を定めた制度である（正解。この設問の条件に合致する。） / C：国家が僧侶を直接管理するための制度である（誤り。別の宗教・概念・数値・特徴を指す。） / D：宗派間の対立を調停するために設けられた制度である（誤り。別の宗教・概念・数値・特徴を指す。）
86,檀家制度が全国的に確立した主な歴史的背景として正しいものはどれか,平安時代の仏教文化の発展,鎌倉仏教による民衆布教の拡大,江戸時代におけるキリスト教禁制政策,明治時代の神仏分離政策,C,檀家制度,A：平安時代の仏教文化の発展（誤り。別の宗教・概念・数値・特徴を指す。） / B：鎌倉仏教による民衆布教の拡大（誤り。別の宗教・概念・数値・特徴を指す。） / C：江戸時代におけるキリスト教禁制政策（正解。この設問の条件に合致する。） / D：明治時代の神仏分離政策（誤り。別の宗教・概念・数値・特徴を指す。）
87,檀家制度の機能として適切でないものはどれか,寺院の経済的基盤の維持,葬儀や先祖供養を通じた仏教の定着,キリスト教信者の摘発と監視,仏教教義の体系的教育の義務化,D,檀家制度,A：寺院の経済的基盤の維持（誤り。別の宗教・概念・数値・特徴を指す。） / B：葬儀や先祖供養を通じた仏教の定着（誤り。別の宗教・概念・数値・特徴を指す。） / C：キリスト教信者の摘発と監視（誤り。別の宗教・概念・数値・特徴を指す。） / D：仏教教義の体系的教育の義務化（正解。この設問の条件に合致する。）
88,檀家制度において寺院が特定の家に対して永続的に担当する役割として正しいものはどれか,政治的助言,葬祭・供養・法事,軍事的保護,経済的投資,B,檀家制度,A：政治的助言（誤り。別の宗教・概念・数値・特徴を指す。） / B：葬祭・供養・法事（正解。この設問の条件に合致する。） / C：軍事的保護（誤り。別の宗教・概念・数値・特徴を指す。） / D：経済的投資（誤り。別の宗教・概念・数値・特徴を指す。）
89,キリスト教徒ではないことを証明するため必ず寺院の檀家になることを求めた制度は何か,本末制度,宗門改制度,神仏判然令,禁教令,B,檀家制度,A：本末制度（誤り。別の宗教・概念・数値・特徴を指す。） / B：宗門改制度（正解。この設問の条件に合致する。） / C：神仏判然令（誤り。別の宗教・概念・数値・特徴を指す。） / D：禁教令（誤り。別の宗教・概念・数値・特徴を指す。）
90,仏教各宗の寺院を本山から末寺までピラミッド構造で編成した江戸幕府の統制制度は何か,檀家制度,宗門改制度,本末制度,寺社奉行制度,C,檀家制度,A：檀家制度（誤り。別の宗教・概念・数値・特徴を指す。） / B：宗門改制度（誤り。別の宗教・概念・数値・特徴を指す。） / C：本末制度（正解。この設問の条件に合致する。） / D：寺社奉行制度（誤り。別の宗教・概念・数値・特徴を指す。）
91,檀家制度の広がりによって仏教が葬儀と深く結びついたことを仏教史学者の圭室諦成は何と称したか,鎌倉仏教,葬式仏教,国家仏教,民衆仏教,B,檀家制度,A：鎌倉仏教（誤り。別の宗教・概念・数値・特徴を指す。） / B：葬式仏教（正解。この設問の条件に合致する。） / C：国家仏教（誤り。別の宗教・概念・数値・特徴を指す。） / D：民衆仏教（誤り。別の宗教・概念・数値・特徴を指す。）
92,近世後期から幕末維新期に民衆の間に現れた新宗教に含まれないものはどれか,天理教,金光教,真言宗,黒住教,C,新宗教,A：天理教（誤り。別の宗教・概念・数値・特徴を指す。） / B：金光教（誤り。別の宗教・概念・数値・特徴を指す。） / C：真言宗（正解。この設問の条件に合致する。） / D：黒住教（誤り。別の宗教・概念・数値・特徴を指す。）
93,東アジアで祖先崇拝（先祖祭祀）が広く見られる地域の組み合わせとして正しいものはどれか,インドと中東,東アジアと東南アジア,ヨーロッパとアフリカ,南米とオセアニア,B,新宗教,A：インドと中東（誤り。別の宗教・概念・数値・特徴を指す。） / B：東アジアと東南アジア（正解。この設問の条件に合致する。） / C：ヨーロッパとアフリカ（誤り。別の宗教・概念・数値・特徴を指す。） / D：南米とオセアニア（誤り。別の宗教・概念・数値・特徴を指す。）
94,ユダヤ教・キリスト教・イスラームに共通する特徴として正しいものはどれか,多神信仰,輪廻転生,唯一神信仰,自然神崇拝,C,複合問題,A：多神信仰（誤り。別の宗教・概念・数値・特徴を指す。） / B：輪廻転生（誤り。別の宗教・概念・数値・特徴を指す。） / C：唯一神信仰（正解。この設問の条件に合致する。） / D：自然神崇拝（誤り。別の宗教・概念・数値・特徴を指す。）
95,ユダヤ教・キリスト教・イスラームの三宗教に共通しヒンドゥー教・仏教・神道には当てはまらない特徴として正しいものはどれか,輪廻転生を説く,唯一神との契約を重視する,多神的世界観をもつ,自然物を神格化する,B,複合問題,A：輪廻転生を説く（誤り。別の宗教・概念・数値・特徴を指す。） / B：唯一神との契約を重視する（正解。この設問の条件に合致する。） / C：多神的世界観をもつ（誤り。別の宗教・概念・数値・特徴を指す。） / D：自然物を神格化する（誤り。別の宗教・概念・数値・特徴を指す。）
96,次の組み合わせのうち対応が正しいものはどれか,クルアーン ― キリスト教,ヴェーダ ― 仏教,旧約聖書 ― ユダヤ教,福音書 ― イスラーム,C,複合問題,A：クルアーン ― キリスト教（誤り。別の宗教・概念・数値・特徴を指す。） / B：ヴェーダ ― 仏教（誤り。別の宗教・概念・数値・特徴を指す。） / C：旧約聖書 ― ユダヤ教（正解。この設問の条件に合致する。） / D：福音書 ― イスラーム（誤り。別の宗教・概念・数値・特徴を指す。）
97,「開祖が明確に存在しない宗教」の組み合わせとして正しいものはどれか,ユダヤ教・ヒンドゥー教,キリスト教・仏教,イスラーム・神道,仏教・キリスト教,A,複合問題,A：ユダヤ教・ヒンドゥー教（正解。この設問の条件に合致する。） / B：キリスト教・仏教（誤り。別の宗教・概念・数値・特徴を指す。） / C：イスラーム・神道（誤り。別の宗教・概念・数値・特徴を指す。） / D：仏教・キリスト教（誤り。別の宗教・概念・数値・特徴を指す。）
98,戒律や生活規範が食文化と強く結びついている宗教の組み合わせはどれか,仏教・神道,ユダヤ教・イスラーム,キリスト教・仏教,ヒンドゥー教・神道,B,複合問題,A：仏教・神道（誤り。別の宗教・概念・数値・特徴を指す。） / B：ユダヤ教・イスラーム（正解。この設問の条件に合致する。） / C：キリスト教・仏教（誤り。別の宗教・概念・数値・特徴を指す。） / D：ヒンドゥー教・神道（誤り。別の宗教・概念・数値・特徴を指す。）
99,宗教とその「死後観・解脱観」の対応として正しいものはどれか,仏教 ― 最終審判,キリスト教 ― 輪廻転生,イスラーム ― 来世での裁き,神道 ― 般涅槃,C,複合問題,A：仏教 ― 最終審判（誤り。別の宗教・概念・数値・特徴を指す。） / B：キリスト教 ― 輪廻転生（誤り。別の宗教・概念・数値・特徴を指す。） / C：イスラーム ― 来世での裁き（正解。この設問の条件に合致する。） / D：神道 ― 般涅槃（誤り。別の宗教・概念・数値・特徴を指す。）
100,「神」という概念の扱いについて最も適切な組み合わせはどれか,仏教 ― 創造神を中心に据える,神道 ― 人格的唯一神を信仰する,キリスト教 ― 三位一体の唯一神,ヒンドゥー教 ― 神の存在を否定する,C,複合問題,A：仏教 ― 創造神を中心に据える（誤り。別の宗教・概念・数値・特徴を指す。） / B：神道 ― 人格的唯一神を信仰する（誤り。別の宗教・概念・数値・特徴を指す。） / C：キリスト教 ― 三位一体の唯一神（正解。この設問の条件に合致する。） / D：ヒンドゥー教 ― 神の存在を否定する（誤り。別の宗教・概念・数値・特徴を指す。）
101,宗派区分と宗教の対応として正しいものはどれか,スンニ派・シーア派 ― キリスト教,大乗仏教・上座仏教 ― 仏教,カトリック・正教会 ― イスラーム,プロテスタント・ヒンドゥー教,B,複合問題,A：スンニ派・シーア派 ― キリスト教（誤り。別の宗教・概念・数値・特徴を指す。） / B：大乗仏教・上座仏教 ― 仏教（正解。この設問の条件に合致する。） / C：カトリック・正教会 ― イスラーム（誤り。別の宗教・概念・数値・特徴を指す。） / D：プロテスタント・ヒンドゥー教（誤り。別の宗教・概念・数値・特徴を指す。）
102,日本の宗教文化の特徴として仏教・神道の双方に関わる概念として正しいものはどれか,輪廻転生の否定,神仏習合,唯一神信仰,五行の実践,B,複合問題,A：輪廻転生の否定（誤り。別の宗教・概念・数値・特徴を指す。） / B：神仏習合（正解。この設問の条件に合致する。） / C：唯一神信仰（誤り。別の宗教・概念・数値・特徴を指す。） / D：五行の実践（誤り。別の宗教・概念・数値・特徴を指す。）
103,「民族宗教」としての性格が最も強いものはどれか,キリスト教,イスラーム,ユダヤ教,仏教,C,複合問題,A：キリスト教（誤り。別の宗教・概念・数値・特徴を指す。） / B：イスラーム（誤り。別の宗教・概念・数値・特徴を指す。） / C：ユダヤ教（正解。この設問の条件に合致する。） / D：仏教（誤り。別の宗教・概念・数値・特徴を指す。）
104,1970年代の日本におけるオカルトブームのきっかけとなった1974年に日本で上映されたアメリカ映画はどれか,ゴーストバスターズ,エクソシスト,オーメン,シャイニング,B,オカルト・スピリチュアリティ,A：ゴーストバスターズ（誤り。別の宗教・概念・数値・特徴を指す。） / B：エクソシスト（正解。この設問の条件に合致する。） / C：オーメン（誤り。別の宗教・概念・数値・特徴を指す。） / D：シャイニング（誤り。別の宗教・概念・数値・特徴を指す。）
105,1974年に来日しテレビ番組でスプーン曲げを披露して超能力ブームを引き起こした人物は誰か,エドガー・ケイシー,ユリ・ゲラー,ノストラダムス,ダニオン・ブリンクリー,B,オカルト・スピリチュアリティ,A：エドガー・ケイシー（誤り。別の宗教・概念・数値・特徴を指す。） / B：ユリ・ゲラー（正解。この設問の条件に合致する。） / C：ノストラダムス（誤り。別の宗教・概念・数値・特徴を指す。） / D：ダニオン・ブリンクリー（誤り。別の宗教・概念・数値・特徴を指す。）
106,西山茂が1970年代以降の日本の宗教状況を表現するために用いた近代合理主義の価値観による支配が終わりつつあることを示す概念はどれか,宗教の私事化,脱私事化,非合理的復権,世俗化,C,オカルト・スピリチュアリティ,A：宗教の私事化（誤り。別の宗教・概念・数値・特徴を指す。） / B：脱私事化（誤り。別の宗教・概念・数値・特徴を指す。） / C：非合理的復権（正解。この設問の条件に合致する。） / D：世俗化（誤り。別の宗教・概念・数値・特徴を指す。）
107,1995年に発生し日本のオカルトブームに終止符を打つきっかけとなった事件はどれか,阪神・淡路大震災,地下鉄サリン事件,統一教会問題,尼崎連続変死事件,B,オカルト・スピリチュアリティ,A：阪神・淡路大震災（誤り。別の宗教・概念・数値・特徴を指す。） / B：地下鉄サリン事件（正解。この設問の条件に合致する。） / C：統一教会問題（誤り。別の宗教・概念・数値・特徴を指す。） / D：尼崎連続変死事件（誤り。別の宗教・概念・数値・特徴を指す。）
108,1990年代後半から2000年代前半の日本における「スピリチュアリティ」の特徴として最も適切なものはどれか,意識変容による自己超越を目指す,「宗教」や「霊」を想起させない用語として普及した,組織宗教への帰属を重視する,科学的合理性に基づく世界観を提唱する,B,オカルト・スピリチュアリティ,A：意識変容による自己超越を目指す（誤り。別の宗教・概念・数値・特徴を指す。） / B：「宗教」や「霊」を想起させない用語として普及した（正解。この設問の条件に合致する。） / C：組織宗教への帰属を重視する（誤り。別の宗教・概念・数値・特徴を指す。） / D：科学的合理性に基づく世界観を提唱する（誤り。別の宗教・概念・数値・特徴を指す。）
109,ピーター・バーガーが『聖なる天蓋』で定義した「世俗化」の説明として最も適切なものはどれか,宗教が政治権力と結びついて国家を支配するプロセス,社会や文化のさまざまな領域が宗教の制度や象徴による支配から離れていくプロセス,宗教が消費社会において商品化されていくプロセス,宗教が科学技術の発展によって証明されていくプロセス,B,世俗化・公共宗教,A：宗教が政治権力と結びついて国家を支配するプロセス（誤り。別の宗教・概念・数値・特徴を指す。） / B：社会や文化のさまざまな領域が宗教の制度や象徴による支配から離れていくプロセス（正解。この設問の条件に合致する。） / C：宗教が消費社会において商品化されていくプロセス（誤り。別の宗教・概念・数値・特徴を指す。） / D：宗教が科学技術の発展によって証明されていくプロセス（誤り。別の宗教・概念・数値・特徴を指す。）
110,従来の世俗化理論において近代化に伴い宗教が公的領域から退き個人の内面的な信仰に限定されていく現象を何と呼ぶか,公共宗教,脱私事化,宗教の私事化,非合理的復権,C,世俗化・公共宗教,A：公共宗教（誤り。別の宗教・概念・数値・特徴を指す。） / B：脱私事化（誤り。別の宗教・概念・数値・特徴を指す。） / C：宗教の私事化（正解。この設問の条件に合致する。） / D：非合理的復権（誤り。別の宗教・概念・数値・特徴を指す。）
111,ホセ・カサノヴァが提唱した概念で1980年代以降宗教が私的領域を踏み越えて公的領域において役割を果たすことを主張し始める現象を何と呼ぶか,世俗化,宗教の私事化,脱私事化,宗教の商品化,C,世俗化・公共宗教,A：世俗化（誤り。別の宗教・概念・数値・特徴を指す。） / B：宗教の私事化（誤り。別の宗教・概念・数値・特徴を指す。） / C：脱私事化（正解。この設問の条件に合致する。） / D：宗教の商品化（誤り。別の宗教・概念・数値・特徴を指す。）
112,ジル・ケペルが『宗教の復讐』で指摘した1970年代後半に宗教が公的な場面に戻るきっかけとなった世界的出来事に含まれないものはどれか,1977年 ベギン内閣（イスラエル）,1978年 教皇ヨハネ・パウロ2世就任（バチカン）,1979年 イラン・イスラーム革命,1989年 ベルリンの壁崩壊,D,世俗化・公共宗教,A：1977年 ベギン内閣（イスラエル）（誤り。別の宗教・概念・数値・特徴を指す。） / B：1978年 教皇ヨハネ・パウロ2世就任（バチカン）（誤り。別の宗教・概念・数値・特徴を指す。） / C：1979年 イラン・イスラーム革命（誤り。別の宗教・概念・数値・特徴を指す。） / D：1989年 ベルリンの壁崩壊（正解。この設問の条件に合致する。）
113,イスラームにおいて頭と首を覆うスカーフを指しアラビア語で「覆うもの」を意味する言葉はどれか,ブルカ,ニカブ,ヒジャブ,チャドル,C,ヒジャブ・イラン・ライシテ,A：ブルカ（誤り。別の宗教・概念・数値・特徴を指す。） / B：ニカブ（誤り。別の宗教・概念・数値・特徴を指す。） / C：ヒジャブ（正解。この設問の条件に合致する。） / D：チャドル（誤り。別の宗教・概念・数値・特徴を指す。）
114,1979年のイラン・イスラーム革命を指導しイスラーム法による統治を主張したシーア派法学者は誰か,ハメネイ,ホメイニー,サダト,ナセル,B,ヒジャブ・イラン・ライシテ,A：ハメネイ（誤り。別の宗教・概念・数値・特徴を指す。） / B：ホメイニー（正解。この設問の条件に合致する。） / C：サダト（誤り。別の宗教・概念・数値・特徴を指す。） / D：ナセル（誤り。別の宗教・概念・数値・特徴を指す。）
115,イラン・イスラーム革命以前のパフラヴィー朝の政策として正しいものはどれか,ヴェール着用の義務化,脱イスラームによる西欧化政策,シーア派ウラマーの政治参加促進,イスラーム法の厳格な適用,B,ヒジャブ・イラン・ライシテ,A：ヴェール着用の義務化（誤り。別の宗教・概念・数値・特徴を指す。） / B：脱イスラームによる西欧化政策（正解。この設問の条件に合致する。） / C：シーア派ウラマーの政治参加促進（誤り。別の宗教・概念・数値・特徴を指す。） / D：イスラーム法の厳格な適用（誤り。別の宗教・概念・数値・特徴を指す。）
116,2022年にイランで発生した不適切なヒジャブの着用を理由に警察に連行された後に死亡し大規模な反政府デモのきっかけとなった女性は誰か,マララ・ユスフザイ,マフサ・アミニ,シリン・エバディ,ナスリン・ソトゥーデ,B,ヒジャブ・イラン・ライシテ,A：マララ・ユスフザイ（誤り。別の宗教・概念・数値・特徴を指す。） / B：マフサ・アミニ（正解。この設問の条件に合致する。） / C：シリン・エバディ（誤り。別の宗教・概念・数値・特徴を指す。） / D：ナスリン・ソトゥーデ（誤り。別の宗教・概念・数値・特徴を指す。）
117,フランスにおける「ライシテ」の説明として最も適切なものはどれか,国家がカトリック教会を公式に支援する制度,政治権力を宗教から自律させ宗教的自由を保障する制度,イスラーム教徒の移民を積極的に受け入れる政策,宗教教育を公立学校で義務化する制度,B,ヒジャブ・イラン・ライシテ,A：国家がカトリック教会を公式に支援する制度（誤り。別の宗教・概念・数値・特徴を指す。） / B：政治権力を宗教から自律させ宗教的自由を保障する制度（正解。この設問の条件に合致する。） / C：イスラーム教徒の移民を積極的に受け入れる政策（誤り。別の宗教・概念・数値・特徴を指す。） / D：宗教教育を公立学校で義務化する制度（誤り。別の宗教・概念・数値・特徴を指す。）
118,2004年にフランスで制定された公立学校における宗教的標章の着用を規制する法律の対象に含まれないものはどれか,大きな十字架（キリスト教）,キッパ（ユダヤ教）,ヒジャブ（イスラーム）,小さなメダル（キリスト教）,D,ヒジャブ・イラン・ライシテ,A：大きな十字架（キリスト教）（誤り。別の宗教・概念・数値・特徴を指す。） / B：キッパ（ユダヤ教）（誤り。別の宗教・概念・数値・特徴を指す。） / C：ヒジャブ（イスラーム）（誤り。別の宗教・概念・数値・特徴を指す。） / D：小さなメダル（キリスト教）（正解。この設問の条件に合致する。）
119,イランとフランスのヴェール政策の比較として正しいものはどれか,両国ともヴェールの着用を義務化している,イランは着用を義務化しフランスは公的空間での着用を制限している,両国ともヴェールの着用を禁止している,イランは着用を禁止しフランスは着用を奨励している,B,ヒジャブ・イラン・ライシテ,A：両国ともヴェールの着用を義務化している（誤り。別の宗教・概念・数値・特徴を指す。） / B：イランは着用を義務化しフランスは公的空間での着用を制限している（正解。この設問の条件に合致する。） / C：両国ともヴェールの着用を禁止している（誤り。別の宗教・概念・数値・特徴を指す。） / D：イランは着用を禁止しフランスは着用を奨励している（誤り。別の宗教・概念・数値・特徴を指す。）
120,シーア派のウラマー（イスラーム法学者）の位階制において最高権威を示す呼称はどれか,イマーム,ムフティー,大アーヤトッラー,カリフ,C,ヒジャブ・イラン・ライシテ,A：イマーム（誤り。別の宗教・概念・数値・特徴を指す。） / B：ムフティー（誤り。別の宗教・概念・数値・特徴を指す。） / C：大アーヤトッラー（正解。この設問の条件に合致する。） / D：カリフ（誤り。別の宗教・概念・数値・特徴を指す。）
121,井上順孝が提唱した「ハイパー宗教」の特徴として最も適切なものはどれか,伝統的な教団組織への帰属を重視する,さまざまな宗教伝統から要素を取り出して自由に組み合わせる,科学的合理性に基づいて宗教を否定する,国家権力と宗教が一体化する,B,ヒジャブ・イラン・ライシテ,A：伝統的な教団組織への帰属を重視する（誤り。別の宗教・概念・数値・特徴を指す。） / B：さまざまな宗教伝統から要素を取り出して自由に組み合わせる（正解。この設問の条件に合致する。） / C：科学的合理性に基づいて宗教を否定する（誤り。別の宗教・概念・数値・特徴を指す。） / D：国家権力と宗教が一体化する（誤り。別の宗教・概念・数値・特徴を指す。）
122,「カルト」という語の語源について正しいものを選びなさい,ギリシア語の「秘密」を意味する語に由来する,ラテン語の「儀礼・祭祀」を意味する語に由来する,ヘブライ語の「異端」を意味する語に由来する,英語の「崇拝」を意味する語から造られた新語である,B,カルト問題,A：ギリシア語の「秘密」を意味する語に由来する（誤り。別の宗教・概念・数値・特徴を指す。） / B：ラテン語の「儀礼・祭祀」を意味する語に由来する（正解。この設問の条件に合致する。） / C：ヘブライ語の「異端」を意味する語に由来する（誤り。別の宗教・概念・数値・特徴を指す。） / D：英語の「崇拝」を意味する語から造られた新語である（誤り。別の宗教・概念・数値・特徴を指す。）
123,1970年代以降アメリカで「破壊的カルト」という意味で「カルト」という語を広めたのは主にどのような立場の人々か,宗教学の研究者,保守的福音派のキリスト教徒,反カルト運動家や脱会カウンセラー,政府の宗教政策担当者,C,カルト問題,A：宗教学の研究者（誤り。別の宗教・概念・数値・特徴を指す。） / B：保守的福音派のキリスト教徒（誤り。別の宗教・概念・数値・特徴を指す。） / C：反カルト運動家や脱会カウンセラー（正解。この設問の条件に合致する。） / D：政府の宗教政策担当者（誤り。別の宗教・概念・数値・特徴を指す。）
124,「マインドコントロール」と「回心」の説明として最も適切なものを選びなさい,どちらも本人の自主性を重視した視点である,マインドコントロールは本人の意識変化を重視し回心は外部からの強制を重視する,マインドコントロールは外部からの強制的影響を強調し回心は本人の宗教経験や意識変化を重視する,どちらも価値中立的な学術用語として広く使用されている,C,カルト問題,A：どちらも本人の自主性を重視した視点である（誤り。別の宗教・概念・数値・特徴を指す。） / B：マインドコントロールは本人の意識変化を重視し回心は外部からの強制を重視する（誤り。別の宗教・概念・数値・特徴を指す。） / C：マインドコントロールは外部からの強制的影響を強調し回心は本人の宗教経験や意識変化を重視する（正解。この設問の条件に合致する。） / D：どちらも価値中立的な学術用語として広く使用されている（誤り。別の宗教・概念・数値・特徴を指す。）
125,回心（conversion）の説明として正しいものを選びなさい,組織側の認知的枠組みを強制的に押し付けられる過程,啓示や悟りといった宗教経験を境に人格や生活様式が根本から変化する過程,脱会カウンセラーによって信仰を放棄させられる過程,社会心理学的な説得技法によって入信させられる過程,B,カルト問題,A：組織側の認知的枠組みを強制的に押し付けられる過程（誤り。別の宗教・概念・数値・特徴を指す。） / B：啓示や悟りといった宗教経験を境に人格や生活様式が根本から変化する過程（正解。この設問の条件に合致する。） / C：脱会カウンセラーによって信仰を放棄させられる過程（誤り。別の宗教・概念・数値・特徴を指す。） / D：社会心理学的な説得技法によって入信させられる過程（誤り。別の宗教・概念・数値・特徴を指す。）
126,櫻井義秀が述べる「社会的相当性」の説明として正しいものを選びなさい,宗教団体が法的に認められるための普遍的・絶対的な基準,人権や社会権によって期待されるべき規範や妥当性の基準であり時代に応じて変化する,宗教学者が定めた学術的な分類基準,国家が宗教団体を統制するための法律上の要件,B,カルト問題,A：宗教団体が法的に認められるための普遍的・絶対的な基準（誤り。別の宗教・概念・数値・特徴を指す。） / B：人権や社会権によって期待されるべき規範や妥当性の基準であり時代に応じて変化する（正解。この設問の条件に合致する。） / C：宗教学者が定めた学術的な分類基準（誤り。別の宗教・概念・数値・特徴を指す。） / D：国家が宗教団体を統制するための法律上の要件（誤り。別の宗教・概念・数値・特徴を指す。）
127,オウム真理教における「慈悲殺」の論理として正しいものを選びなさい,信者の修行の一環として動物を殺して供養する行為,悪人が悪を犯す前に命を絶つことでその人を救済するという考え,病気で苦しむ信者を安楽死させる行為,敵対する宗教団体を攻撃することで世界を浄化するという思想,B,カルト問題,A：信者の修行の一環として動物を殺して供養する行為（誤り。別の宗教・概念・数値・特徴を指す。） / B：悪人が悪を犯す前に命を絶つことでその人を救済するという考え（正解。この設問の条件に合致する。） / C：病気で苦しむ信者を安楽死させる行為（誤り。別の宗教・概念・数値・特徴を指す。） / D：敵対する宗教団体を攻撃することで世界を浄化するという思想（誤り。別の宗教・概念・数値・特徴を指す。）
128,中村生雄が提唱した「供犠の文化」の特徴として正しいものを選びなさい,殺した動物の霊を弔い定期的に浄化しようとする文化,動物を神の賜物とみなし神への返礼として捧げる文化,人と神の連続性を前提とし共食を重視する文化,仏教の不殺生理念に基づき動物を放つ文化,B,供犠・動物倫理,A：殺した動物の霊を弔い定期的に浄化しようとする文化（誤り。別の宗教・概念・数値・特徴を指す。） / B：動物を神の賜物とみなし神への返礼として捧げる文化（正解。この設問の条件に合致する。） / C：人と神の連続性を前提とし共食を重視する文化（誤り。別の宗教・概念・数値・特徴を指す。） / D：仏教の不殺生理念に基づき動物を放つ文化（誤り。別の宗教・概念・数値・特徴を指す。）
129,「供養の文化」の特徴として正しいものを選びなさい,創造神を持つ一神教圏で発達した,犠牲獣を完全に焼き尽くして神に捧げる,殺した動物の霊を弔い罪を定期的に確認しながら浄化しようとする,人と神の非連続性を前提とする,C,供犠・動物倫理,A：創造神を持つ一神教圏で発達した（誤り。別の宗教・概念・数値・特徴を指す。） / B：犠牲獣を完全に焼き尽くして神に捧げる（誤り。別の宗教・概念・数値・特徴を指す。） / C：殺した動物の霊を弔い罪を定期的に確認しながら浄化しようとする（正解。この設問の条件に合致する。） / D：人と神の非連続性を前提とする（誤り。別の宗教・概念・数値・特徴を指す。）
130,ユダヤ教の「全焼の供犠（燔祭、ホロコースト）」の説明として正しいものを選びなさい,犠牲獣の肉を神と人間が分け合って食べる儀式,犠牲獣を野に放って命を救う儀式,犠牲獣の全体が祭壇で焼き尽くされ骨と灰しか残らない儀式,犠牲獣の血を大地に撒いて豊穣を祈る儀式,C,供犠・動物倫理,A：犠牲獣の肉を神と人間が分け合って食べる儀式（誤り。別の宗教・概念・数値・特徴を指す。） / B：犠牲獣を野に放って命を救う儀式（誤り。別の宗教・概念・数値・特徴を指す。） / C：犠牲獣の全体が祭壇で焼き尽くされ骨と灰しか残らない儀式（正解。この設問の条件に合致する。） / D：犠牲獣の血を大地に撒いて豊穣を祈る儀式（誤り。別の宗教・概念・数値・特徴を指す。）
131,聖書（創世記）における人間と動物の関係の説明として正しいものを選びなさい,人間と動物は平等な存在として創造された,動物は人間の祖先として敬われるべき存在である,人間は神にかたどって創造され動物を支配する存在とされた,人間は動物から進化した存在として描かれている,C,供犠・動物倫理,A：人間と動物は平等な存在として創造された（誤り。別の宗教・概念・数値・特徴を指す。） / B：動物は人間の祖先として敬われるべき存在である（誤り。別の宗教・概念・数値・特徴を指す。） / C：人間は神にかたどって創造され動物を支配する存在とされた（正解。この設問の条件に合致する。） / D：人間は動物から進化した存在として描かれている（誤り。別の宗教・概念・数値・特徴を指す。）
132,「アニマルライツ（動物権）」の立場として正しいものを選びなさい,人間による動物の利用を認めるが苦痛を減らすべきとする,動物も人間と同等の権利を持ち食肉文化の徹底的な改革を目指す,動物の利用は栄養・環境・健康・行動・快適さの基準で判断すべきとする,伝統的な狩猟文化を維持しながら動物を保護すべきとする,B,供犠・動物倫理,A：人間による動物の利用を認めるが苦痛を減らすべきとする（誤り。別の宗教・概念・数値・特徴を指す。） / B：動物も人間と同等の権利を持ち食肉文化の徹底的な改革を目指す（正解。この設問の条件に合致する。） / C：動物の利用は栄養・環境・健康・行動・快適さの基準で判断すべきとする（誤り。別の宗教・概念・数値・特徴を指す。） / D：伝統的な狩猟文化を維持しながら動物を保護すべきとする（誤り。別の宗教・概念・数値・特徴を指す。）
133,「アニマルウェルフェア（動物福祉）」の立場として正しいものを選びなさい,動物も人間と同等の権利を持つため一切の利用を禁止すべきとする,動物であることで命を侵害することは種の差別であるとする,人間による動物の利用を認めるがなるべくその苦痛を減らしていくべきとする,食肉文化（カーニズム）のシステムを徹底的に改革すべきとする,C,供犠・動物倫理,A：動物も人間と同等の権利を持つため一切の利用を禁止すべきとする（誤り。別の宗教・概念・数値・特徴を指す。） / B：動物であることで命を侵害することは種の差別であるとする（誤り。別の宗教・概念・数値・特徴を指す。） / C：人間による動物の利用を認めるがなるべくその苦痛を減らしていくべきとする（正解。この設問の条件に合致する。） / D：食肉文化（カーニズム）のシステムを徹底的に改革すべきとする（誤り。別の宗教・概念・数値・特徴を指す。）
134,「放生会」の説明として正しいものを選びなさい,動物を犠牲として神に捧げ焼き尽くす儀式,仏教の不殺生の戒めに基づき鳥や魚を野や海に放って命を救う法会,狩猟で得た獲物を神前に並べて感謝する祭り,死んだ動物の霊を慰めるために塚を建てる行事,B,供犠・動物倫理,A：動物を犠牲として神に捧げ焼き尽くす儀式（誤り。別の宗教・概念・数値・特徴を指す。） / B：仏教の不殺生の戒めに基づき鳥や魚を野や海に放って命を救う法会（正解。この設問の条件に合致する。） / C：狩猟で得た獲物を神前に並べて感謝する祭り（誤り。別の宗教・概念・数値・特徴を指す。） / D：死んだ動物の霊を慰めるために塚を建てる行事（誤り。別の宗教・概念・数値・特徴を指す。）
135,日本における実験動物供養について正しいものを選びなさい,明治時代に西洋から導入された習慣である,最も古い記録は1917年の九州帝国大学での動物祭である,仏教の教義で禁止されているため現在は行われていない,政府の法律によって義務付けられている,B,供犠・動物倫理,A：明治時代に西洋から導入された習慣である（誤り。別の宗教・概念・数値・特徴を指す。） / B：最も古い記録は1917年の九州帝国大学での動物祭である（正解。この設問の条件に合致する。） / C：仏教の教義で禁止されているため現在は行われていない（誤り。別の宗教・概念・数値・特徴を指す。） / D：政府の法律によって義務付けられている（誤り。別の宗教・概念・数値・特徴を指す。）
136,1970年代以降英語圏を中心に動物倫理の議論が浮上した背景として授業で挙げられたものを選びなさい,宗教的な終末論の流行,J・S・ミルの功利主義の影響と人間と動物の境界線の再考,仏教の不殺生理念の世界的な普及,国際連合による動物保護条約の締結,B,供犠・動物倫理,A：宗教的な終末論の流行（誤り。別の宗教・概念・数値・特徴を指す。） / B：J・S・ミルの功利主義の影響と人間と動物の境界線の再考（正解。この設問の条件に合致する。） / C：仏教の不殺生理念の世界的な普及（誤り。別の宗教・概念・数値・特徴を指す。） / D：国際連合による動物保護条約の締結（誤り。別の宗教・概念・数値・特徴を指す。）
